Train No,Train Name,SEQ,Station Code,Station Name,Arrival time,Departure Time,Distance,Source Station,Source Station Name,Destination Station,Destination Station Name
2515,TVC-SCL SPL,23,VSKP,VISAKHAPATNA,08:00:00,08:20:00,1703,TVC,TRIVANDRUM CENTRAL,SCL,SILCHAR
2841,SRC MAS SPL,7,VSKP,VISAKHAPATNA,02:05:00,02:35:00,875,SRC,SANTRAGACHI JN.,MAS,CHENNAI CENTRAL
2842,MAS SRC SPL,6,VSKP,VISAKHAPATNA,08:15:00,08:45:00,780,MAS,CHENNAI CENTRAL,SRC,SANTRAGACHI JN.
6057,SRC-MAS  SPL,10,VSKP,VISAKHAPATNA,14:15:00,14:45:00,875,SRC,SANTRAGACHI JN.,MAS,CHENNAI CENTRAL
6058,MAS-SRC  EXP,10,VSKP,VISAKHAPATNA,05:10:00,05:30:00,780,MAS,CHENNAI CENTRAL,SRC,SANTRAGACHI JN.
6579,YPR-VSKP WKY,21,VSKP,VISAKHAPATNA,14:35:00,14:35:00,1089,YPR,YESVANTPUR JN.,VSKP,VISAKHAPATNAM
6580,VSKP-YPR WKY,1,VSKP,VISAKHAPATNA,13:45:00,13:45:00,0,VSKP,VISAKHAPATNAM,YPR,YESVANTPUR JN.
7016,KCG-VSKP,18,VSKP,VISAKHAPATNA,07:50:00,07:50:00,670,KCG,KACHEGUDA,VSKP,VISAKHAPATNAM
7044,VSKP HSP,11,VSKP,VISAKHAPATNA,07:50:00,07:50:00,735,TPTY,TIRUPATI,VSKP,VISAKHAPATNAM
7149,SC-GHY HSP,12,VSKP,VISAKHAPATNA,20:35:00,20:55:00,664,SC,SECUNDERABAD JN.,GHY,GUWAHATI
7438,KCG-TATA HSP,14,VSKP,VISAKHAPATNA,01:30:00,01:50:00,670,KCG,KACHEGUDA,TATA,TATANAGAR JN
7439,TATA-KCG HSP,15,VSKP,VISAKHAPATNA,14:50:00,15:30:00,862,TATA,TATANAGAR JN,KCG,KACHEGUDA
7487,TPTY-VSKP,11,VSKP,VISAKHAPATNA,10:45:00,10:45:00,735,TPTY,TIRUPATI,VSKP,VISAKHAPATNAM
8064,BQA-KGP DEMU,7,VSKP,VISAKHAPATNA,20:50:00,21:05:00,1155,BQA,BANKURA,KGP,KHARAGPUR
8301,SBP-BAND WEE,8,VSKP,VISAKHAPATNA,19:00:00,19:20:00,505,SBP,SAMBALPUR JN.,BAND,BANASWADI
8302,BAND-SBP WEE,8,VSKP,VISAKHAPATNA,20:35:00,20:55:00,1061,BAND,BANASWADI,SBP,SAMBALPUR JN.
8501,VSKP SC WEEK,1,VSKP,VISAKHAPATNA,23:00:00,23:00:00,0,VSKP,VISAKHAPATNAM,SC,SECUNDERABAD JN.
8502,SC VSKP SPEC,13,VSKP,VISAKHAPATNA,04:50:00,04:50:00,698,SC,SECUNDERABAD JN.,VSKP,VISAKHAPATNAM
8511,KRDL-VSKP SP,12,VSKP,VISAKHAPATNA,03:00:00,03:00:00,471,KRDL,KIRANDUL,VSKP,VISAKHAPATNAM
8512,VSKP-KRDL SP,1,VSKP,VISAKHAPATNA,22:15:00,22:15:00,0,VSKP,VISAKHAPATNAM,KRDL,KIRANDUL
8567,VSKP-QLN BI-,1,VSKP,VISAKHAPATNA,23:00:00,23:00:00,0,VSKP,VISAKHAPATNAM,QLN,QUILON
8568,QLN-VSKP BI-,29,VSKP,VISAKHAPATNA,12:30:00,12:30:00,1578,QLN,QUILON,VSKP,VISAKHAPATNAM
8573,VSKP-TPTY WE,1,VSKP,VISAKHAPATNA,22:55:00,22:55:00,0,VSKP,VISAKHAPATNAM,TPTY,TIRUPATI
8574,TPTY-VSKP SP,15,VSKP,VISAKHAPATNA,06:50:00,06:50:00,759,TPTY,TIRUPATI,VSKP,VISAKHAPATNAM
11019,KONARK EXPRE,29,VSKP,VISAKHAPATNA,20:50:00,21:10:00,1498,CSMT,CST-MUMBAI,BBS,BHUBANESWAR
11020,KONARK EXPRE,11,VSKP,VISAKHAPATNA,22:15:00,22:35:00,442,BBS,BHUBANESWAR,CSMT,CST-MUMBAI
12253,YPR-BGP ANGA,12,VSKP,VISAKHAPATNA,08:30:00,08:50:00,1089,YPR,YESVANTPUR JN.,BGP,BHAGALPUR
12254,BGP-YPR ANGA,18,VSKP,VISAKHAPATNA,12:30:00,12:50:00,1391,BGP,BHAGALPUR,YPR,YESVANTPUR JN.
12375,MAS ASN  EXP,11,VSKP,VISAKHAPATNA,04:10:00,04:30:00,780,MAS,CHENNAI CENTRAL,ASN,ASANSOL MAIN
12376,ASN MAS  EXP,17,VSKP,VISAKHAPATNA,09:35:00,09:55:00,947,ASN,ASANSOL MAIN,MAS,CHENNAI CENTRAL
12503,BNC - KYQ HU,7,VSKP,VISAKHAPATNA,05:10:00,05:30:00,1131,BNC,BANGALORE CANTT.,KYQ,KAMAKHYA JN
12504,KYQ - BNC HU,17,VSKP,VISAKHAPATNA,02:10:00,02:30:00,1901,KYQ,KAMAKHYA JN,BNC,BANGALORE CANTT.
12507,TVC - SCL EX,23,VSKP,VISAKHAPATNA,22:45:00,23:05:00,1696,TVC,TRIVANDRUM CENTRAL,SCL,SILCHAR
12508,SCL - TVC EX,35,VSKP,VISAKHAPATNA,15:30:00,15:50:00,2236,SCL,SILCHAR,TVC,TRIVANDRUM CENTRAL
12509,SBC -GHY EXP,11,VSKP,VISAKHAPATNA,19:10:00,19:30:00,1137,BNC,BANGALORE CANTT.,GHY,GUWAHATI
12510,GHY-SBC EXP,31,VSKP,VISAKHAPATNA,15:30:00,15:50:00,1856,GHY,GUWAHATI,BNC,BANGALORE CANTT.
12513,SC - GHY EXP,4,VSKP,VISAKHAPATNA,19:10:00,19:30:00,708,SC,SECUNDERABAD JN.,GHY,GUWAHATI
12514,GHY - SC EXP,27,VSKP,VISAKHAPATNA,15:30:00,15:50:00,1856,GHY,GUWAHATI,SC,SECUNDERABAD JN.
12515,TVC - SCL EX,22,VSKP,VISAKHAPATNA,19:10:00,19:30:00,1696,TVC,TRIVANDRUM CENTRAL,SCL,SILCHAR
12516,SCL -TVC EXP,35,VSKP,VISAKHAPATNA,15:30:00,15:50:00,2236,SCL,SILCHAR,TVC,TRIVANDRUM CENTRAL
12659,NCJ-SHM GURU,30,VSKP,VISAKHAPATNA,22:45:00,23:05:00,1698,NCJ,NAGERCOIL JN.,SHM,SHALIMAR
12660,SHM-NCJ GURU,15,VSKP,VISAKHAPATNA,14:05:00,14:25:00,882,SHM,SHALIMAR,NCJ,NAGERCOIL JN.
12663,HWH-TPJ EXPR,10,VSKP,VISAKHAPATNA,05:35:00,05:55:00,884,HWH,HOWRAH JN.,TPJ,TIRUCHIRAPPALLI JN.
12664,TPJ-HWH EXP,15,VSKP,VISAKHAPATNA,11:40:00,12:00:00,1120,TPJ,TIRUCHIRAPPALLI JN.,HWH,HOWRAH JN.
12665,HWH-CAPE EXP,8,VSKP,VISAKHAPATNA,05:35:00,05:55:00,884,HWH,HOWRAH JN.,CAPE,KANNIYAKUMARI
12666,CAPE HWH EXP,25,VSKP,VISAKHAPATNA,11:40:00,12:00:00,1523,CAPE,KANNIYAKUMARI,HWH,HOWRAH JN.
12703,HWH-SC FALAK,15,VSKP,VISAKHAPATNA,21:05:00,21:25:00,884,HWH,HOWRAH JN.,SC,SECUNDERABAD JN.
12704,SC-HWH FALAK,12,VSKP,VISAKHAPATNA,03:30:00,03:50:00,664,SC,SECUNDERABAD JN.,HWH,HOWRAH JN.
12717,VSKP-BZA RAT,1,VSKP,VISAKHAPATNA,12:40:00,12:40:00,0,VSKP,VISAKHAPATNAM,BZA,VIJAYWADA JN.
12718,BZA-VSKP  RA,13,VSKP,VISAKHAPATNA,12:10:00,12:10:00,350,BZA,VIJAYWADA JN.,VSKP,VISAKHAPATNAM
12727,VSKP-HYB GOD,1,VSKP,VISAKHAPATNA,17:25:00,17:25:00,0,VSKP,VISAKHAPATNAM,HYB,HYDERABAD DECCAN
12728,HYB-VSKP GOD,21,VSKP,VISAKHAPATNA,05:50:00,05:50:00,719,HYB,HYDERABAD DECCAN,VSKP,VISAKHAPATNAM
12739,VSKP-SC GARI,1,VSKP,VISAKHAPATNA,20:30:00,20:30:00,0,VSKP,VISAKHAPATNAM,SC,SECUNDERABAD JN.
12740,SC-VSKP GARI,12,VSKP,VISAKHAPATNA,07:40:00,07:40:00,708,SC,SECUNDERABAD JN.,VSKP,VISAKHAPATNAM
12773,SHM-SC AC EX,11,VSKP,VISAKHAPATNA,05:35:00,05:55:00,882,SHM,SHALIMAR,SC,SECUNDERABAD JN.
12774,SC-SHM AC  E,6,VSKP,VISAKHAPATNA,17:30:00,17:50:00,708,SC,SECUNDERABAD JN.,SHM,SHALIMAR
12783,VSKP-SC SUF,1,VSKP,VISAKHAPATNA,18:55:00,18:55:00,0,VSKP,VISAKHAPATNAM,SC,SECUNDERABAD JN.
12784,SC-VSKP AC W,15,VSKP,VISAKHAPATNA,06:50:00,06:50:00,708,SC,SECUNDERABAD JN.,VSKP,VISAKHAPATNAM
12803,VSKP-NZM SWA,1,VSKP,VISAKHAPATNA,08:20:00,08:20:00,0,VSKP,VISAKHAPATNAM,NZM,HAZRAT NIZAMUDDIN JN
12804,VSKP SWRN J,21,VSKP,VISAKHAPATNA,17:30:00,00:00:00,2076,NZM,HAZRAT NIZAMUDDIN JN,VSKP,VISAKHAPATNAM
12805,VSKP-SC JANM,1,VSKP,VISAKHAPATNA,06:15:00,06:15:00,0,VSKP,VISAKHAPATNAM,SC,SECUNDERABAD JN.
12806,SC-VSKP JANM,21,VSKP,VISAKHAPATNA,19:40:00,19:40:00,689,SC,SECUNDERABAD JN.,VSKP,VISAKHAPATNAM
12807,VSKP-NZM SAM,1,VSKP,VISAKHAPATNA,06:25:00,06:25:00,0,VSKP,VISAKHAPATNAM,NZM,HAZRAT NIZAMUDDIN JN
12808,NZM-VSKP SAM,40,VSKP,VISAKHAPATNA,18:10:00,18:10:00,1895,NZM,HAZRAT NIZAMUDDIN JN,VSKP,VISAKHAPATNAM
12829,CEN-BBS WEEK,14,VSKP,VISAKHAPATNA,10:25:00,10:45:00,780,MAS,CHENNAI CENTRAL,BBS,BHUBANESWAR
12830,BBS-CEN WEEK,8,VSKP,VISAKHAPATNA,18:45:00,19:05:00,442,BBS,BHUBANESWAR,MAS,CHENNAI CENTRAL
12835,HTE-YPR  BI-,12,VSKP,VISAKHAPATNA,09:35:00,09:55:00,816,HTE,HATIA,YPR,YESVANTPUR JN.
12836,YPR-HTE BI-W,14,VSKP,VISAKHAPATNA,04:10:00,04:30:00,1075,YPR,YESVANTPUR JN.,HTE,HATIA
12839,HWH-MAS MAIL,19,VSKP,VISAKHAPATNA,13:50:00,14:10:00,884,HWH,HOWRAH JN.,MAS,CHENNAI CENTRAL
12840,MAS-HWH MAIL,17,VSKP,VISAKHAPATNA,13:00:00,13:20:00,780,MAS,CHENNAI CENTRAL,HWH,HOWRAH JN.
12841,HOWRAH-CHENN,10,VSKP,VISAKHAPATNA,04:00:00,04:20:00,884,HWH,HOWRAH JN.,MAS,CHENNAI CENTRAL
12842,COROMANDEL E,7,VSKP,VISAKHAPATNA,21:50:00,22:10:00,780,MAS,CHENNAI CENTRAL,HWH,HOWRAH JN.
12845,BBS-YPR S/FA,8,VSKP,VISAKHAPATNA,14:05:00,14:25:00,442,BBS,BHUBANESWAR,BNC,BANGALORE CANTT.
12846,BHUBANESHWAR,14,VSKP,VISAKHAPATNA,04:10:00,04:30:00,1068,BNC,BANGALORE CANTT.,BBS,BHUBANESWAR
12861,VSKP-KZJ LIN,1,VSKP,VISAKHAPATNA,15:05:00,15:05:00,0,VSKP,VISAKHAPATNAM,KZJ,KAZIPET JN.
12862,KZJ-VSKP LIN,19,VSKP,VISAKHAPATNA,13:30:00,13:30:00,576,KZJ,KAZIPET JN.,VSKP,VISAKHAPATNAM
12863,HOWRAH YESVA,15,VSKP,VISAKHAPATNA,10:40:00,11:00:00,884,HWH,HOWRAH JN.,YPR,YESVANTPUR JN.
12864,YPR HOWRAH E,21,VSKP,VISAKHAPATNA,15:55:00,16:15:00,1075,YPR,YESVANTPUR JN.,HWH,HOWRAH JN.
12867,HWH-PDY WEEK,7,VSKP,VISAKHAPATNA,12:30:00,12:50:00,884,HWH,HOWRAH JN.,PDY,PONDICHERRY
12868,PDY-HWH WKY,10,VSKP,VISAKHAPATNA,08:30:00,08:50:00,1038,PDY,PONDICHERRY,HWH,HOWRAH JN.
12889,TATA YPR EXP,13,VSKP,VISAKHAPATNA,09:35:00,09:55:00,815,TATA,TATANAGAR JN,YPR,YESVANTPUR JN.
12890,YPR TATA EXP,12,VSKP,VISAKHAPATNA,04:10:00,04:30:00,1075,YPR,YESVANTPUR JN.,TATA,TATANAGAR JN
12897,PDY-BBS WEEK,12,VSKP,VISAKHAPATNA,11:40:00,12:00:00,981,PDY,PONDICHERRY,BBS,BHUBANESWAR
12898,BBS-PDY S/F,8,VSKP,VISAKHAPATNA,18:45:00,19:05:00,442,BBS,BHUBANESWAR,PDY,PONDICHERRY
13351,DHANBAD - AL,42,VSKP,VISAKHAPATNA,09:05:00,09:25:00,1001,DHN,DHANBAD JN.,ALLP,ALLEPPEY
13352,ALLEPY-DHANB,57,VSKP,VISAKHAPATNA,15:15:00,15:35:00,1535,ALLP,ALLEPPEY,DHN,DHANBAD JN.
15227,YPR-MFP EXP,10,VSKP,VISAKHAPATNA,22:45:00,23:05:00,1144,YPR,YESVANTPUR JN.,MFP,MUZAFFARPUR JN.
15228,MUZAFFARPUR-,26,VSKP,VISAKHAPATNA,14:05:00,14:25:00,1585,MFP,MUZAFFARPUR JN.,YPR,YESVANTPUR JN.
15629,TBM-GHY EXPR,8,VSKP,VISAKHAPATNA,11:40:00,12:00:00,809,TBM,TAMBARAM,GHY,GUWAHATI
15630,GHY-TBM EXPR,33,VSKP,VISAKHAPATNA,05:35:00,05:55:00,1987,GHY,GUWAHATI,TBM,TAMBARAM
15905,CAPE - DBRG,25,VSKP,VISAKHAPATNA,06:15:00,06:35:00,1727,CAPE,KANNIYAKUMARI,DBRG,DIBRUGARH
15906,DBRG - CAPE,33,VSKP,VISAKHAPATNA,01:10:00,01:30:00,2533,DBRG,DIBRUGARH,CAPE,KANNIYAKUMARI
15929,TBM-DBRG EXP,8,VSKP,VISAKHAPATNA,11:40:00,12:00:00,809,TBM,TAMBARAM,DBRG,DIBRUGARH
15930,DBRG-TBM EXP,44,VSKP,VISAKHAPATNA,05:35:00,05:55:00,2543,DBRG,DIBRUGARH,TBM,TAMBARAM
17015,BBS-SC VISAK,19,VSKP,VISAKHAPATNA,16:10:00,16:30:00,442,BBS,BHUBANESWAR,SC,SECUNDERABAD JN.
17016,SC-BBS VISAK,23,VSKP,VISAKHAPATNA,07:15:00,07:35:00,692,SC,SECUNDERABAD JN.,BBS,BHUBANESWAR
17239,GNT-VSKP SIM,27,VSKP,VISAKHAPATNA,18:20:00,18:20:00,382,GNT,GUNTUR JN.,VSKP,VISAKHAPATNAM
17240,VSKP-GNT SIM,1,VSKP,VISAKHAPATNA,07:20:00,07:20:00,0,VSKP,VISAKHAPATNAM,GNT,GUNTUR JN.
17479,PURI-TPTY  E,33,VSKP,VISAKHAPATNA,23:15:00,23:35:00,467,PURI,PURI,TPTY,TIRUPATI
17480,TPTY-PURI EX,41,VSKP,VISAKHAPATNA,04:40:00,05:00:00,764,TPTY,TIRUPATI,PURI,PURI
17481,BSP-TPTY  EX,26,VSKP,VISAKHAPATNA,23:15:00,23:35:00,637,BSP,BILASPUR JN.,TPTY,TIRUPATI
17482,TPTY-BSP EXP,41,VSKP,VISAKHAPATNA,04:40:00,05:00:00,764,TPTY,TIRUPATI,BSP,BILASPUR JN.
17487,TPTY-VSKP TI,36,VSKP,VISAKHAPATNA,11:30:00,11:30:00,735,TPTY,TIRUPATI,VSKP,VISAKHAPATNAM
17488,VSKP-TPTY TI,1,VSKP,VISAKHAPATNA,14:00:00,14:00:00,0,VSKP,VISAKHAPATNAM,TPTY,TIRUPATI
18047,HWH-VSGAMARA,13,VSKP,VISAKHAPATNA,12:30:00,12:50:00,884,HWH,HOWRAH JN.,VSG,VASCO-DA-GAMA
18048,VSG HWH AMAR,32,VSKP,VISAKHAPATNA,08:30:00,08:50:00,1241,VSG,VASCO-DA-GAMA,HWH,HOWRAH JN.
18111,TATA - YPR E,15,VSKP,VISAKHAPATNA,09:35:00,09:55:00,815,TATA,TATANAGAR JN,YPR,YESVANTPUR JN.
18112,YPR - TATA E,28,VSKP,VISAKHAPATNA,20:35:00,20:55:00,1606,YPR,YESVANTPUR JN.,TATA,TATANAGAR JN
18401,PURI-OKHA WE,10,VSKP,VISAKHAPATNA,17:05:00,17:35:00,467,PURI,PURI,OKHA,OKHA
18402,OKHA-PURI WE,32,VSKP,VISAKHAPATNA,02:00:00,02:20:00,2308,OKHA,OKHA,PURI,PURI
18463,BBS-SBC PRAS,14,VSKP,VISAKHAPATNA,12:45:00,13:05:00,442,BBS,BHUBANESWAR,SBC,KRANTIVIRA SANGOLLI RAYANNA (BENGALURU STATION)
18464,SBC-BBS PRAS,33,VSKP,VISAKHAPATNA,13:15:00,13:35:00,1103,SBC,KRANTIVIRA SANGOLLI RAYANNA (BENGALURU STATION),BBS,BHUBANESWAR
18495,RMM-BBS WEEK,21,VSKP,VISAKHAPATNA,11:40:00,12:00:00,1442,RMM,RAMESWARAM,BBS,BHUBANESWAR
18496,BBS-RMM WEEK,5,VSKP,VISAKHAPATNA,18:45:00,19:05:00,442,BBS,BHUBANESWAR,RMM,RAMESWARAM
18501,VSKP-GIMB WE,1,VSKP,VISAKHAPATNA,17:35:00,17:35:00,0,VSKP,VISAKHAPATNAM,GIMB,GANDHIDHAM JN.
18502,GIMB-VSKP WE,29,VSKP,VISAKHAPATNA,14:35:00,14:35:00,2113,GIMB,GANDHIDHAM JN.,VSKP,VISAKHAPATNAM
18503,VSKP-SNSI WE,1,VSKP,VISAKHAPATNA,09:00:00,09:00:00,0,VSKP,VISAKHAPATNAM,SNSI,SAI NAGAR SHIRDI
18504,SNSI-VSKP WE,25,VSKP,VISAKHAPATNA,22:05:00,22:05:00,1405,SNSI,SAI NAGAR SHIRDI,VSKP,VISAKHAPATNAM
18507,VSKP-ASR HIR,1,VSKP,VISAKHAPATNA,23:50:00,23:50:00,0,VSKP,VISAKHAPATNAM,ASR,AMRITSAR JN.
18508,ASR-VSKP HIR,48,VSKP,VISAKHAPATNA,23:50:00,23:50:00,2556,ASR,AMRITSAR JN.,VSKP,VISAKHAPATNAM
18511,KRPU-VSKP BI,12,VSKP,VISAKHAPATNA,12:20:00,12:20:00,357,KRPU,KORAPUT JN.,VSKP,VISAKHAPATNAM
18512,VSKP-KRPU BI,1,VSKP,VISAKHAPATNA,13:50:00,13:50:00,0,VSKP,VISAKHAPATNAM,KRPU,KORAPUT JN.
18517,KORBA-VSKP E,31,VSKP,VISAKHAPATNA,07:00:00,07:00:00,726,KRBA,KORBA,VSKP,VISAKHAPATNAM
18518,VSKP-KORBA E,1,VSKP,VISAKHAPATNA,19:55:00,19:55:00,0,VSKP,VISAKHAPATNAM,KRBA,KORBA
18519,VSKP-LTT EXP,1,VSKP,VISAKHAPATNA,23:25:00,23:25:00,0,VSKP,VISAKHAPATNAM,LTT,LOKMANYA TILAK TERMINUS
18520,LTT-VSKP EXP,20,VSKP,VISAKHAPATNA,11:15:00,00:00:00,1497,LTT,LOKMANYA TILAK TERMINUS,VSKP,VISAKHAPATNAM
18567,VSKP-QLN WEE,1,VSKP,VISAKHAPATNA,08:20:00,08:20:00,0,VSKP,VISAKHAPATNAM,QLN,QUILON
18568,QLN-VSKP WEE,33,VSKP,VISAKHAPATNA,01:25:00,01:25:00,1576,QLN,QUILON,VSKP,VISAKHAPATNAM
18573,VSKP-BGKT WE,1,VSKP,VISAKHAPATNA,05:10:00,05:10:00,0,VSKP,VISAKHAPATNAM,BGKT,BHAGAT-KI-KOTHI
18574,BGKT-VSKP WE,35,VSKP,VISAKHAPATNA,07:55:00,07:55:00,2060,BGKT,BHAGAT-KI-KOTHI,VSKP,VISAKHAPATNAM
18637,HTE - BNC WE,14,VSKP,VISAKHAPATNA,09:35:00,09:55:00,816,HTE,HATIA,BNC,BANGALORE CANTT.
18638,BNC - HTE WE,14,VSKP,VISAKHAPATNA,20:35:00,20:55:00,1068,BNC,BANGALORE CANTT.,HTE,HATIA
18645,HWH HYB EAST,37,VSKP,VISAKHAPATNA,03:45:00,04:05:00,884,HWH,HOWRAH JN.,HYB,HYDERABAD DECCAN
18646,HYB-HWH EAST,23,VSKP,VISAKHAPATNA,23:35:00,23:55:00,719,HYB,HYDERABAD DECCAN,HWH,HOWRAH JN.
20809,SBP-NED NAGA,12,VSKP,VISAKHAPATNA,20:25:00,20:45:00,505,SBP,SAMBALPUR JN.,NED,NANDED
20810,NED-SBP NAGA,11,VSKP,VISAKHAPATNA,10:10:00,10:30:00,978,NED,NANDED,SBP,SAMBALPUR JN.
20811,VSKP-NANDED,1,VSKP,VISAKHAPATNA,20:45:00,20:45:00,0,VSKP,VISAKHAPATNAM,NED,NANDED
20812,NANDED-VSKP,13,VSKP,VISAKHAPATNA,10:15:00,10:15:00,978,NED,NANDED,VSKP,VISAKHAPATNAM
20815,TATA-VSKP WE,24,VSKP,VISAKHAPATNA,04:30:00,04:30:00,862,TATA,TATANAGAR JN,VSKP,VISAKHAPATNAM
20816,VSKP-TATA WE,1,VSKP,VISAKHAPATNA,17:50:00,17:50:00,0,VSKP,VISAKHAPATNAM,TATA,TATANAGAR JN
20889,HWH BZA HUMS,6,VSKP,VISAKHAPATNA,02:10:00,02:30:00,884,HWH,HOWRAH JN.,BZA,VIJAYWADA JN.
20890,BZA HWH HUMS,3,VSKP,VISAKHAPATNA,05:10:00,05:30:00,350,BZA,VIJAYWADA JN.,HWH,HOWRAH JN.
22203,VSKP-SCAC DU,1,VSKP,VISAKHAPATNA,19:45:00,19:45:00,0,VSKP,VISAKHAPATNAM,SC,SECUNDERABAD JN.
22204,SC-VSKP AC,3,VSKP,VISAKHAPATNA,06:30:00,06:30:00,708,SC,SECUNDERABAD JN.,VSKP,VISAKHAPATNAM
22415,SUPERFAST AC,1,VSKP,VISAKHAPATNA,08:35:00,08:35:00,0,VSKP,VISAKHAPATNAM,NDLS,NEW DELHI
22416,NDLS-VSKP AC,21,VSKP,VISAKHAPATNA,17:50:00,17:50:00,2083,NDLS,NEW DELHI,VSKP,VISAKHAPATNAM
22501,SBC - NTSK S,12,VSKP,VISAKHAPATNA,22:45:00,23:05:00,1135,SBC,KRANTIVIRA SANGOLLI RAYANNA (BENGALURU STATION),NTSK,NEW TINSUKIA JN
22502,NTSK - SBC S,29,VSKP,VISAKHAPATNA,15:30:00,15:50:00,2481,NTSK,NEW TINSUKIA JN,SBC,KRANTIVIRA SANGOLLI RAYANNA (BENGALURU STATION)
22603,KGP VM BI-WK,10,VSKP,VISAKHAPATNA,01:50:00,02:10:00,767,KGP,KHARAGPUR,VM,VILLUPURAM JN.
22604,VM-KGP BI-WK,11,VSKP,VISAKHAPATNA,06:15:00,06:35:00,1014,VM,VILLUPURAM JN.,KGP,KHARAGPUR
22605,PRR-VM WKLY,15,VSKP,VISAKHAPATNA,01:50:00,02:10:00,972,PRR,PURULIA JN.,VM,VILLUPURAM JN.
22606,VM-PRR WKLY,16,VSKP,VISAKHAPATNA,06:15:00,06:35:00,1014,VM,VILLUPURAM JN.,PRR,PURULIA JN.
22611,MAS NJP EXPR,8,VSKP,VISAKHAPATNA,00:10:00,00:30:00,780,MAS,CHENNAI CENTRAL,NJP,NEW JALPAIGURI JN
22612,NJP MAS EXPR,15,VSKP,VISAKHAPATNA,01:10:00,01:30:00,1515,NJP,NEW JALPAIGURI JN,MAS,CHENNAI CENTRAL
22613,MAS-HLZ WEEK,5,VSKP,VISAKHAPATNA,04:10:00,04:30:00,780,MAS,CHENNAI CENTRAL,HLZ,HALDIA
22614,HLZ-MAS WEEK,11,VSKP,VISAKHAPATNA,01:50:00,02:10:00,882,HLZ,HALDIA,MAS,CHENNAI CENTRAL
22641,SHALIMAR EXP,22,VSKP,VISAKHAPATNA,22:45:00,23:05:00,1684,TVC,TRIVANDRUM CENTRAL,SHM,SHALIMAR
22642,SHM TVC SF E,16,VSKP,VISAKHAPATNA,14:05:00,14:25:00,882,SHM,SHALIMAR,TVC,TRIVANDRUM CENTRAL
22643,PATNA EXPRES,15,VSKP,VISAKHAPATNA,19:10:00,19:30:00,1478,ERS,ERNAKULAM. JN,PNBE,PATNA JN.
22644,PNBE ERS EXP,29,VSKP,VISAKHAPATNA,14:05:00,14:25:00,1306,PNBE,PATNA JN.,ERS,ERNAKULAM. JN
22707,VSKP-TPTY WK,1,VSKP,VISAKHAPATNA,22:25:00,22:25:00,0,VSKP,VISAKHAPATNAM,TPTY,TIRUPATI
22708,TPTY-VSKP TR,18,VSKP,VISAKHAPATNA,11:00:00,11:00:00,759,TPTY,TIRUPATI,VSKP,VISAKHAPATNAM
22801,VSKP MAS WEE,1,VSKP,VISAKHAPATNA,18:55:00,18:55:00,0,VSKP,VISAKHAPATNAM,MAS,CHENNAI CENTRAL
22807,SRC - MAS AC,9,VSKP,VISAKHAPATNA,07:55:00,08:20:00,877,SRC,SANTRAGACHI JN.,MAS,CHENNAI CENTRAL
22808,MAS - SRC AC,10,VSKP,VISAKHAPATNA,20:35:00,20:55:00,780,MAS,CHENNAI CENTRAL,SRC,SANTRAGACHI JN.
22809,PRDP-VSKP WE,17,VSKP,VISAKHAPATNA,08:20:00,08:20:00,552,PRDP,PARADEEP,VSKP,VISAKHAPATNAM
22810,VSKP-PRDP WE,1,VSKP,VISAKHAPATNA,23:50:00,23:50:00,0,VSKP,VISAKHAPATNAM,PRDP,PARADEEP
22817,HWH-MYS SF E,11,VSKP,VISAKHAPATNA,05:35:00,05:55:00,884,HWH,HOWRAH JN.,MYS,MYSORE JN.
22818,MYS - HWH SF,12,VSKP,VISAKHAPATNA,00:10:00,00:30:00,1224,MYS,MYSORE JN.,HWH,HOWRAH JN.
22819,BBS-VSKP SF,27,VSKP,VISAKHAPATNA,14:55:00,14:55:00,442,BBS,BHUBANESWAR,VSKP,VISAKHAPATNAM
22825,SHM - MAS S/,14,VSKP,VISAKHAPATNA,01:50:00,02:10:00,882,SHM,SHALIMAR,MAS,CHENNAI CENTRAL
22826,MAS - SHM EX,11,VSKP,VISAKHAPATNA,06:15:00,06:35:00,780,MAS,CHENNAI CENTRAL,SHM,SHALIMAR
22833,BBS-KJM WEEK,7,VSKP,VISAKHAPATNA,18:35:00,18:55:00,442,BBS,BHUBANESWAR,KJM,KRISHNA RAJA PURAM
22834,KJM-BBS WEEK,13,VSKP,VISAKHAPATNA,11:00:00,11:20:00,1071,KJM,KRISHNA RAJA PURAM,BBS,BHUBANESWAR
22837,HTE ERS DHAR,13,VSKP,VISAKHAPATNA,09:35:00,09:55:00,816,HTE,HATIA,ERS,ERNAKULAM. JN
22838,ERS HTE DHAR,15,VSKP,VISAKHAPATNA,00:45:00,01:05:00,1423,ERS,ERNAKULAM. JN,HTE,HATIA
22847,VSKP-LTT S/F,1,VSKP,VISAKHAPATNA,09:00:00,09:00:00,0,VSKP,VISAKHAPATNAM,LTT,LOKMANYA TILAK TERMINUS
22848,LTT-VSKP S/F,24,VSKP,VISAKHAPATNA,05:20:00,05:20:00,1655,LTT,LOKMANYA TILAK TERMINUS,VSKP,VISAKHAPATNAM
22849,SHM - SC S/F,14,VSKP,VISAKHAPATNA,01:50:00,02:10:00,882,SHM,SHALIMAR,SC,SECUNDERABAD JN.
22850,SC-SHM SF EX,7,VSKP,VISAKHAPATNA,17:30:00,17:50:00,708,SC,SECUNDERABAD JN.,SHM,SHALIMAR
22851,SRC - MAQ SF,14,VSKP,VISAKHAPATNA,04:30:00,04:50:00,877,SRC,SANTRAGACHI JN.,MAQ,MANGALORE CENTRAL
22852,MAQ - SRC SF,27,VSKP,VISAKHAPATNA,04:10:00,04:30:00,1609,MAQ,MANGALORE CENTRAL,SRC,SANTRAGACHI JN.
22853,SHM - VSKP W,16,VSKP,VISAKHAPATNA,08:20:00,08:20:00,882,SHM,SHALIMAR,VSKP,VISAKHAPATNAM
22854,VSKP-SHM WEK,1,VSKP,VISAKHAPATNA,17:50:00,17:50:00,0,VSKP,VISAKHAPATNAM,SHM,SHALIMAR
22855,SRC - TPTY W,11,VSKP,VISAKHAPATNA,04:30:00,04:50:00,877,SRC,SANTRAGACHI JN.,TPTY,TIRUPATI
22856,TPTY-SRC,8,VSKP,VISAKHAPATNA,08:30:00,08:50:00,735,TPTY,TIRUPATI,SRC,SANTRAGACHI JN.
22859,PURI-MAS S/F,10,VSKP,VISAKHAPATNA,01:10:00,01:30:00,467,PURI,PURI,MAS,CHENNAI CENTRAL
22860,MAS-PURI S/F,12,VSKP,VISAKHAPATNA,06:15:00,06:35:00,780,MAS,CHENNAI CENTRAL,PURI,PURI
22869,VSKP-MAS S/F,1,VSKP,VISAKHAPATNA,19:05:00,19:05:00,0,VSKP,VISAKHAPATNAM,MAS,CHENNAI CENTRAL
22870,MAS-VSKP S/F,13,VSKP,VISAKHAPATNA,10:25:00,10:25:00,780,MAS,CHENNAI CENTRAL,VSKP,VISAKHAPATNAM
22871,BBS-TPTY S/F,11,VSKP,VISAKHAPATNA,18:45:00,19:05:00,442,BBS,BHUBANESWAR,TPTY,TIRUPATI
22872,TPTY-BBS S/F,9,VSKP,VISAKHAPATNA,02:00:00,02:20:00,735,TPTY,TIRUPATI,BBS,BHUBANESWAR
22873,DGHA-VSKP S/,17,VSKP,VISAKHAPATNA,08:20:00,08:20:00,930,DGHA,DIGHA FS,VSKP,VISAKHAPATNAM
22874,VSKP-DGHA S/,1,VSKP,VISAKHAPATNA,17:50:00,17:50:00,0,VSKP,VISAKHAPATNAM,DGHA,DIGHA FS
22879,BBS-TPTY S/F,11,VSKP,VISAKHAPATNA,18:45:00,19:05:00,442,BBS,BHUBANESWAR,TPTY,TIRUPATI
22880,TPTY-BBS S/F,11,VSKP,VISAKHAPATNA,02:00:00,02:20:00,735,TPTY,TIRUPATI,BBS,BHUBANESWAR
22881,PUNE-BBS S/F,10,VSKP,VISAKHAPATNA,10:25:00,10:45:00,1263,PUNE,PUNE JN.,BBS,BHUBANESWAR
22882,BBS-PUNE S/F,5,VSKP,VISAKHAPATNA,04:30:00,04:50:00,442,BBS,BHUBANESWAR,PUNE,PUNE JN.
22883,PURI-YPR GAR,9,VSKP,VISAKHAPATNA,22:30:00,22:50:00,467,PURI,PURI,YPR,YESVANTPUR JN.
22884,YPR-PURI GAR,20,VSKP,VISAKHAPATNA,22:05:00,22:25:00,1037,YPR,YESVANTPUR JN.,PURI,PURI
22887,HWH-YPR-HWH,12,VSKP,VISAKHAPATNA,02:10:00,02:30:00,884,HWH,HOWRAH JN.,YPR,YESVANTPUR JN.
22888,YPR-HWH HUMS,9,VSKP,VISAKHAPATNA,05:10:00,05:30:00,1089,YPR,YESVANTPUR JN.,HWH,HOWRAH JN.
57225,BZA-VSKP-PAS,58,VSKP,VISAKHAPATNA,19:00:00,19:00:00,350,BZA,VIJAYWADA JN.,VSKP,VISAKHAPATNAM
57226,VSKP-BZA-PAS,1,VSKP,VISAKHAPATNA,09:40:00,09:40:00,0,VSKP,VISAKHAPATNAM,BZA,VIJAYWADA JN.
57229,MTM-VSKP PAS,35,VSKP,VISAKHAPATNA,08:50:00,08:50:00,372,MTM,MACHILIPATNAM,VSKP,VISAKHAPATNAM
57230,VSKP-MTM PAS,1,VSKP,VISAKHAPATNA,20:05:00,20:05:00,0,VSKP,VISAKHAPATNAM,MTM,MACHILIPATNAM
57255,COA-VSKP PSG,23,VSKP,VISAKHAPATNA,09:45:00,09:45:00,168,COA,KAKINADA PORT,VSKP,VISAKHAPATNAM
57256,VSKP-COA PSG,1,VSKP,VISAKHAPATNA,17:10:00,17:10:00,0,VSKP,VISAKHAPATNAM,COA,KAKINADA PORT
57271,BZA-RGDA PAS,47,VSKP,VISAKHAPATNA,08:05:00,09:10:00,350,BZA,VIJAYWADA JN.,RGDA,RAYAGADA JN.
57272,RGDA-BZA PAS,23,VSKP,VISAKHAPATNA,19:55:00,20:15:00,184,RGDA,RAYAGADA JN.,BZA,VIJAYWADA JN.
58501,VSKP-KRDL PA,1,VSKP,VISAKHAPATNA,06:50:00,06:50:00,0,VSKP,VISAKHAPATNAM,KRDL,KIRANDUL
58502,KRDL-VSKP,53,VSKP,VISAKHAPATNA,20:10:00,20:10:00,471,KRDL,KIRANDUL,VSKP,VISAKHAPATNAM
58503,RGDA-VSKP PA,25,VSKP,VISAKHAPATNA,09:20:00,09:20:00,184,RGDA,RAYAGADA JN.,VSKP,VISAKHAPATNAM
58504,VSKP-RGDA PA,1,VSKP,VISAKHAPATNA,16:55:00,16:55:00,0,VSKP,VISAKHAPATNAM,RGDA,RAYAGADA JN.
58505,GNPR-VSKP PA,28,VSKP,VISAKHAPATNA,21:20:00,21:20:00,267,GNPR,GUNUPUR,VSKP,VISAKHAPATNAM
58506,VSKP-GNPR PA,1,VSKP,VISAKHAPATNA,05:20:00,05:20:00,0,VSKP,VISAKHAPATNAM,GNPR,GUNUPUR
58525,PSA-VSKP PAS,27,VSKP,VISAKHAPATNA,14:45:00,14:45:00,202,PSA,PALASA,VSKP,VISAKHAPATNAM
58526,VSKP-PSA PAS,1,VSKP,VISAKHAPATNA,11:35:00,11:35:00,0,VSKP,VISAKHAPATNAM,PSA,PALASA
58527,R-VSKP PASS,56,VSKP,VISAKHAPATNA,21:35:00,21:35:00,528,R,RAIPUR JN.,VSKP,VISAKHAPATNAM
58528,VSKP-R PASSE,1,VSKP,VISAKHAPATNA,02:55:00,02:55:00,0,VSKP,VISAKHAPATNAM,R,RAIPUR JN.
58529,DURG-VSKP PA,64,VSKP,VISAKHAPATNA,11:55:00,11:55:00,570,DURG,DURG,VSKP,VISAKHAPATNAM
58530,VSKP-DURG PA,1,VSKP,VISAKHAPATNA,21:40:00,21:40:00,0,VSKP,VISAKHAPATNAM,DURG,DURG
58531,PSA-VSKP PAS,27,VSKP,VISAKHAPATNA,10:00:00,10:00:00,202,PSA,PALASA,VSKP,VISAKHAPATNAM
58532,VSKP - PSA P,1,VSKP,VISAKHAPATNA,18:35:00,18:35:00,0,VSKP,VISAKHAPATNAM,PSA,PALASA
58537,KRPU-VSKP PA,39,VSKP,VISAKHAPATNA,15:45:00,15:45:00,357,KRPU,KORAPUT JN.,VSKP,VISAKHAPATNAM
58538,VSKP-KRPU PA,1,VSKP,VISAKHAPATNA,07:05:00,07:05:00,0,VSKP,VISAKHAPATNAM,KRPU,KORAPUT JN.
67247,RVD-VSKP PAS,17,VSKP,VISAKHAPATNA,16:40:00,16:40:00,121,RVD,RAVIKAMPADU,VSKP,VISAKHAPATNAM
67291,VZM-VSKP MEM,10,VSKP,VISAKHAPATNA,07:30:00,07:30:00,60,VZM,VIZIANAGARAM JN.,VSKP,VISAKHAPATNAM
67292,VSKP-VZM MEM,1,VSKP,VISAKHAPATNA,18:05:00,18:05:00,0,VSKP,VISAKHAPATNAM,VZM,VIZIANAGARAM JN.
67293,VZM-VSKP MEM,10,VSKP,VISAKHAPATNA,17:40:00,17:40:00,60,VZM,VIZIANAGARAM JN.,VSKP,VISAKHAPATNAM
67294,VSKP-CHE MEM,1,VSKP,VISAKHAPATNA,08:05:00,08:05:00,0,VSKP,VISAKHAPATNAM,CHE,SRIKAKULAM ROAD
67296,VSKP-TUNI PA,1,VSKP,VISAKHAPATNA,18:20:00,18:20:00,0,VSKP,VISAKHAPATNAM,TUNI,TUNI
78531,VZM-VSKP PAS,10,VSKP,VISAKHAPATNA,09:55:00,00:00:00,60,VZM,VIZIANAGARAM JN.,VSKP,VISAKHAPATNAM
